Part Number,Type,Diameter,Length
0127107,Hex Cap Screw,M6-1.0,75mm
0135938,Socket Cap Screw,M8-1.25,35mm
0135940,Socket Cap Screw,M8-1.25,45mm
0135941,Socket Cap Screw,M8-1.25,50mm
0135961,Socket Cap Screw,M10-1.5,70mm
0135973,Socket Cap Screw,M12-1.75,55mm
0141306,Button Socket Cap Screw,M5-0.8,6mm
0141310,Button Socket Cap Screw,M5-0.8,14mm
0141365,Flat Socket Cap Screw,M4-0.7,14mm
0141367,Flat Socket Cap Screw,M4-0.7,20mm
0141659,Socket Set Screw,3/4"-10,2"
0154262,Socket Cap Screw,M5-0.8,15mm
0154505,Socket Set Screw,1/4"-28,2"
0170527,Machine Screw,#6-32,3/16"
0170529,Machine Screw,#6-32,3/8"
0170670,Machine Screw,#6-32,5/8"
0170688,Machine Screw,#10-24,1/2"
0171096,Socket Cap Screw,#8-32,2-1/4"
0171097,Socket Cap Screw,#8-32,2-1/2"
0171117,Socket Cap Screw,#10-32,1-1/8"
0171119,Socket Cap Screw,#10-32,2-3/4"
0171133,Socket Cap Screw,1/4"-20,1-1/8"
0171143,Socket Cap Screw,1/4"-28,7/8"
0171144,Socket Cap Screw,1/4"-28,2-1/4"
0171145,Socket Cap Screw,1/4"-28,2-1/2"
0171147,Socket Cap Screw,1/4"-28,3"
0171161,Socket Cap Screw,5/16"-24,2-3/4"
0171606,Socket Set Screw,#10-32,1-1/2"
0172215,Hex Cap Screw,5/16"-24,1-3/8"
0173812,Machine Screw,#6-32,1/4"
0176565,Socket Set Screw,5/16"-24,2"
0177600,Socket Cap Screw,1/4"-20,1-1/8"
0185220,Socket Cap Screw,M10-1.5,20mm
110120302,Hex Cap Screw,1/4"-20,3/4"
110120325,Hex Cap Screw,5/16"-18,1"
110120344,Hex Cap Screw,3/8"-16,1"
110120486,Hex Cap Screw,3/4"-10,1-1/2"
110150189,Interior Wood Screw,#8 - 15,2-1/2"
110150190,Interior Wood Screw,#8 - 9,3"
110161645,Machine Screw,#10-32,1/4"
1123112,Socket Cap Screw,#8-32,1/4"
1123166,Socket Cap Screw,#10-32,3/4"
1123409,Socket Cap Screw,1/2"-13,1-1/2"
1123414,Socket Cap Screw,1/2"-13,2-3/4"
1123423,Socket Cap Screw,1/2"-13,5"
1124090,Button Socket Cap Screw,3/8"-16,3/4"
1125275,Socket Set Screw,#10-32,1/4"
1129880,Machine Screw,#10-32,1/2"
1138662,Hex Cap Screw,M10-1.5,60mm
1139547,Socket Cap Screw,M5-0.8,20mm
1139548,Socket Cap Screw,M5-0.8,25mm
1139618,Socket Cap Screw,M10-1.5,25mm
1139622,Socket Cap Screw,M10-1.5,45mm
1139652,Socket Cap Screw,M12-1.75,20mm
11509526,Button Socket Cap Screw,M5-0.8,50mm
11510020,Button Socket Cap Screw,M4-0.7,6mm
11511422,Button Socket Cap Screw,M5-0.8,6mm
11511658,Flat Socket Cap Screw,M5-0.8,18mm
11567627,Hex Cap Screw,M5-0.8,16mm
11567628,Hex Cap Screw,M5-0.8,20mm
11567638,Hex Cap Screw,M8-1.25,25mm
11567645,Hex Cap Screw,M10-1.5,30mm
11567646,Hex Cap Screw,M10-1.5,35mm
11567648,Hex Cap Screw,M10-1.5,50mm
11567659,Socket Cap Screw,M4-0.7,8mm
11567660,Socket Cap Screw,M4-0.7,10mm
11567661,Socket Cap Screw,M4-0.7,12mm
11567662,Socket Cap Screw,M4-0.7,16mm
11567663,Socket Cap Screw,M4-0.7,25mm
11567664,Socket Cap Screw,M5-0.8,10mm
11567665,Socket Cap Screw,M5-0.8,12mm
11567666,Socket Cap Screw,M5-0.8,16mm
11567667,Socket Cap Screw,M5-0.8,20mm
11567668,Socket Cap Screw,M5-0.8,25mm
11567669,Socket Cap Screw,M5-0.8,30mm
11567670,Socket Cap Screw,M6-1.0,10mm
11567671,Socket Cap Screw,M6-1.0,12mm
11567672,Socket Cap Screw,M6-1.0,16mm
11567673,Socket Cap Screw,M6-1.0,20mm
11567674,Socket Cap Screw,M6-1.0,25mm
11567675,Socket Cap Screw,M6-1.0,30mm
11567676,Socket Cap Screw,M6-1.0,35mm
11567677,Socket Cap Screw,M6-1.0,40mm
11567678,Socket Cap Screw,M6-1.0,50mm
11567679,Socket Cap Screw,M8-1.25,20mm
11567680,Socket Cap Screw,M8-1.25,25mm
11567681,Socket Cap Screw,M8-1.25,30mm
11567682,Socket Cap Screw,M8-1.25,35mm
11567684,Socket Cap Screw,M8-1.25,50mm
11567685,Socket Cap Screw,M10-1.5,25mm
11567686,Socket Cap Screw,M10-1.5,30mm
11567687,Socket Cap Screw,M10-1.5,40mm
1170003,Hex Cap Screw,1/4"-20,3/4"
1170041,Hex Cap Screw,1/4"-28,3/4"
1170042,Hex Cap Screw,1/4"-28,1"
1170092,Hex Cap Screw,5/16"-24,1"
1170105,Hex Cap Screw,3/8"-16,1"
1173245,Socket Set Screw,#10-32,1/4"
1173247,Socket Set Screw,#10-32,3/8"
1173258,Socket Set Screw,1/4"-20,3/8"
1173410,Socket Cap Screw,#4-40,1/4"
1173411,Socket Cap Screw,#4-40,3/8"
1173412,Socket Cap Screw,#4-40,1/2"
1173413,Socket Cap Screw,#6-32,1/4"
1173414,Socket Cap Screw,#6-32,3/8"
1173415,Socket Cap Screw,#6-32,1/2"
1173416,Socket Cap Screw,#6-32,3/4"
1173420,Socket Cap Screw,#8-32,1/4"
1173421,Socket Cap Screw,#8-32,3/8"
1173422,Socket Cap Screw,#8-32,1/2"
1173423,Socket Cap Screw,#8-32,5/8"
1173424,Socket Cap Screw,#8-32,3/4"
1173425,Socket Cap Screw,#8-32,1"
1173440,Socket Cap Screw,#10-24,1"
1173447,Socket Cap Screw,#10-32,3/8"
1173448,Socket Cap Screw,#10-32,1/2"
1173449,Socket Cap Screw,#10-32,5/8"
1173450,Socket Cap Screw,#10-32,3/4"
1173451,Socket Cap Screw,#10-32,1"
1173452,Socket Cap Screw,#10-32,1-1/4"
1173453,Socket Cap Screw,#10-32,1-1/2"
1173458,Socket Cap Screw,1/4"-20,3/8"
1173460,Socket Cap Screw,1/4"-20,5/8"
1173463,Socket Cap Screw,1/4"-20,1-1/4"
1173465,Socket Cap Screw,1/4"-20,1-3/4"
1173495,Socket Cap Screw,5/16"-18,1"
1173509,Socket Cap Screw,#6-32,5/8"
1173589,Socket Cap Screw,1/2"-13,1-1/2"
1173714,Button Socket Cap Screw,#6-32,1/4"
1173720,Button Socket Cap Screw,#8-32,1/4"
1173721,Button Socket Cap Screw,#8-32,3/8"
1173722,Button Socket Cap Screw,#8-32,1/2"
1173742,Button Socket Cap Screw,#10-32,3/8"
1173743,Button Socket Cap Screw,#10-32,1/2"
1173744,Button Socket Cap Screw,#10-32,5/8"
1173777,Button Socket Cap Screw,5/16"-18,1/2"
1173813,Button Socket Cap Screw,3/8"-16,3/4"
1173851,Flat Socket Cap Screw,#8-32,3/8"
1173852,Flat Socket Cap Screw,#8-32,1/2"
1173854,Flat Socket Cap Screw,#8-32,3/4"
1173870,Flat Socket Cap Screw,#10-32,3/8"
1173871,Flat Socket Cap Screw,#10-32,1/2"
1173872,Flat Socket Cap Screw,#10-32,5/8"
1173873,Flat Socket Cap Screw,#10-32,3/4"
1173874,Flat Socket Cap Screw,#10-32,1"
1173883,Flat Socket Cap Screw,1/4"-20,1"
1173884,Flat Socket Cap Screw,1/4"-20,1-1/4"
1173885,Flat Socket Cap Screw,1/4"-20,1-1/2"
1173959,Flat Socket Cap Screw,1/2"-13,1-1/4"
1177109,Hex Cap Screw,3/8"-16,1-1/2"
15376,Hex Cap Screw,3/4"-10,6-1/2"
23102,Socket Cap Screw,#6-40,1/4"
23123,Socket Cap Screw,#8-32,2-1/4"
23158,Socket Cap Screw,#10-24,4"
24540,Flat Socket Cap Screw,#6-40,1/4"
40950,Flat Socket Cap Screw,M6-1.0,70mm
70033,Hex Cap Screw,1/4"-28,7/8"
70043,Hex Cap Screw,1/4"-28,1-1/4"
70044,Hex Cap Screw,1/4"-28,1-1/2"
70048,Hex Cap Screw,1/4"-28,3"
70091,Hex Cap Screw,5/16"-24,3/4"
70093,Hex Cap Screw,5/16"-24,1-1/4"
70094,Hex Cap Screw,5/16"-24,1-1/2"
70096,Hex Cap Screw,5/16"-24,2"
70630,Machine Screw,#4-40,1/4"
73224,Socket Set Screw,#8-32,3/16"
73226,Socket Set Screw,#8-32,3/8"
73239,Socket Set Screw,#10-24,3/4"
73244,Socket Set Screw,#10-32,3/16"
73248,Socket Set Screw,#10-32,1/2"
73250,Socket Set Screw,#10-32,3/4"
73262,Socket Set Screw,1/4"-20,1"
73263,Socket Set Screw,1/4"-20,1-1/4"
73264,Socket Set Screw,1/4"-20,1-1/2"
73265,Socket Set Screw,1/4"-20,1-3/4"
73267,Socket Set Screw,1/4"-28,3/8"
73268,Socket Set Screw,1/4"-28,1/2"
73272,Socket Set Screw,1/4"-28,1-1/4"
73291,Socket Set Screw,5/16"-24,1/2"
73295,Socket Set Screw,5/16"-24,1-1/4"
73296,Socket Set Screw,5/16"-24,1-1/2"
73404,Socket Cap Screw,#4-40,5/16"
73405,Socket Cap Screw,#4-40,5/8"
73406,Socket Cap Screw,#4-40,3/4"
73426,Socket Cap Screw,#8-32,1-1/4"
73428,Socket Cap Screw,#8-32,1-3/4"
73429,Socket Cap Screw,#8-32,2"
73445,Socket Cap Screw,#10-32,1/4"
73454,Socket Cap Screw,#10-32,1-3/4"
73455,Socket Cap Screw,#10-32,2"
73456,Socket Cap Screw,#10-32,2-1/4"
73470,Socket Cap Screw,1/4"-20,3"
73477,Socket Cap Screw,1/4"-28,3/8"
73478,Socket Cap Screw,1/4"-28,1/2"
73479,Socket Cap Screw,1/4"-28,5/8"
73480,Socket Cap Screw,1/4"-28,3/4"
73481,Socket Cap Screw,1/4"-28,1"
73482,Socket Cap Screw,1/4"-28,1-1/4"
73483,Socket Cap Screw,1/4"-28,1-1/2"
73484,Socket Cap Screw,1/4"-28,1-3/4"
73500,Socket Cap Screw,5/16"-18,2-1/4"
73508,Socket Cap Screw,#6-32,5/16"
73511,Socket Cap Screw,#6-32,1-3/4"
73513,Socket Cap Screw,#10-32,7/8"
73514,Socket Cap Screw,#10-32,2-1/2"
73521,Socket Cap Screw,5/16"-24,1/2"
73522,Socket Cap Screw,5/16"-24,5/8"
73523,Socket Cap Screw,5/16"-24,3/4"
73524,Socket Cap Screw,5/16"-24,1"
73525,Socket Cap Screw,5/16"-24,1-1/4"
73526,Socket Cap Screw,5/16"-24,1-1/2"
73528,Socket Cap Screw,5/16"-24,2"
73558,Socket Cap Screw,3/8"-24,3/4"
73559,Socket Cap Screw,3/8"-24,1"
73560,Socket Cap Screw,3/8"-24,1-1/4"
73561,Socket Cap Screw,3/8"-24,1-1/2"
73565,Socket Cap Screw,3/8"-24,2-1/2"
73701,Button Socket Cap Screw,#6-32,3/16"
73708,Button Socket Cap Screw,#4-40,1/8"
73716,Button Socket Cap Screw,#6-32,1/2"
73723,Button Socket Cap Screw,#8-32,5/8"
73740,Button Socket Cap Screw,#10-32,1/4"
73766,Button Socket Cap Screw,1/4"-28,3/8"
73767,Button Socket Cap Screw,1/4"-28,1/2"
73768,Button Socket Cap Screw,1/4"-28,5/8"
73844,Flat Socket Cap Screw,#6-32,1/4"
73846,Flat Socket Cap Screw,#6-32,1/2"
73875,Flat Socket Cap Screw,#10-32,1-1/4"
73895,Flat Socket Cap Screw,1/4"-28,1/2"
73896,Flat Socket Cap Screw,1/4"-28,5/8"
73897,Flat Socket Cap Screw,1/4"-28,3/4"
73898,Flat Socket Cap Screw,1/4"-28,1"
79017,Socket Cap Screw,#8-32,1-1/2"
93201,Socket Cap Screw,1/4"-20,1/2"
93203,Socket Cap Screw,1/4"-20,3/4"
93793,Socket Cap Screw,1/4"-28,3"
M42510006A20000,Flat Socket Cap Screw,M3-0.5,6mm
M42510012A20000,Flat Socket Cap Screw,M3-0.5,12mm
M42530008A20000,Flat Socket Cap Screw,M4-0.7,8mm
M42530012A40000,Flat Socket Cap Screw,M4-0.7,12mm
M42530016A20000,Flat Socket Cap Screw,M4-0.7,16mm
M42540008A20000,Flat Socket Cap Screw,M5-0.8,8mm
M42540010A20000,Flat Socket Cap Screw,M5-0.8,10mm
M42540012A20000,Flat Socket Cap Screw,M5-0.8,12mm
M42540016A20000,Flat Socket Cap Screw,M5-0.8,16mm
M42540030A20000,Flat Socket Cap Screw,M5-0.8,30mm
M42540035A20000,Flat Socket Cap Screw,M5-0.8,35mm
M42540040A20000,Flat Socket Cap Screw,M5-0.8,40mm
M42540040A40000,Flat Socket Cap Screw,M5-0.8,40mm
M42540050A20000,Flat Socket Cap Screw,M5-0.8,50mm
M42550008A20000,Flat Socket Cap Screw,M6-1.0,8mm
M42550012A20000,Flat Socket Cap Screw,M6-1.0,12mm
M42550016A20000,Flat Socket Cap Screw,M6-1.0,16mm
M42550020A20000,Flat Socket Cap Screw,M6-1.0,20mm
M42550070A20000,Flat Socket Cap Screw,M6-1.0,70mm
M42580012A20000,Flat Socket Cap Screw,M8-1.25,12mm
M42580020A20000,Flat Socket Cap Screw,M8-1.25,20mm
M42580025A20000,Flat Socket Cap Screw,M8-1.25,25mm
M42600016A20000,Flat Socket Cap Screw,M10-1.5,16mm
M42600025A20000,Flat Socket Cap Screw,M10-1.5,25mm
M42650025A20000,Flat Socket Cap Screw,M12-1.75,25mm
M72600040A20000,Hex Cap Screw,M10-1.5,40mm
M82540016A20000,Hex Cap Screw,M5-0.8,16mm
M82540020A20000,Hex Cap Screw,M5-0.8,20mm
M82580025A20000,Hex Cap Screw,M8-1.25,25mm
M82600030A20000,Hex Cap Screw,M10-1.5,30mm
M82600035A20000,Hex Cap Screw,M10-1.5,35mm
M82600050A20000,Hex Cap Screw,M10-1.5,50mm
MB2510006A20000,Button Socket Cap Screw,M3-0.5,6mm
MB2510012A20000,Button Socket Cap Screw,M3-0.5,12mm
MB2530008A20000,Button Socket Cap Screw,M4-0.7,8mm
MB2530012A20000,Button Socket Cap Screw,M4-0.7,12mm
MB2530016A20000,Button Socket Cap Screw,M4-0.7,16mm
MB2540008A20000,Button Socket Cap Screw,M5-0.8,8mm
MB2540012A20000,Button Socket Cap Screw,M5-0.8,12mm
MB2540016A20000,Button Socket Cap Screw,M5-0.8,16mm
MB2550008A20000,Button Socket Cap Screw,M6-1.0,8mm
MB2550016A20000,Button Socket Cap Screw,M6-1.0,16mm
MB2550045A20000,Button Socket Cap Screw,M6-1.0,45mm
MB2580012A20000,Button Socket Cap Screw,M8-1.25,12mm
MB2580020A20000,Button Socket Cap Screw,M8-1.25,20mm
MB2600016A20000,Button Socket Cap Screw,M10-1.5,16mm
MB2600020A20000,Button Socket Cap Screw,M10-1.5,20mm
MS2460005A20000,Socket Cap Screw,M2-0.4,5mm
MS2490008A20000,Socket Cap Screw,M2.5-0.45,8mm
MS2510008A20000,Socket Cap Screw,M3-0.5,8mm
MS2510010A20000,Socket Cap Screw,M3-0.5,10mm
MS2510012A20000,Socket Cap Screw,M3-0.5,12mm
MS2510014A20000,Socket Cap Screw,M3-0.5,14mm
MS2510020A20000,Socket Cap Screw,M3-0.5,20mm
MS2530006A20000,Socket Cap Screw,M4-0.7,6mm
MS2530008A20000,Socket Cap Screw,M4-0.7,8mm
MS2530010A20000,Socket Cap Screw,M4-0.7,10mm
MS2530012A20000,Socket Cap Screw,M4-0.7,12mm
MS2530014A20000,Socket Cap Screw,M4-0.7,14mm
MS2530016A20000,Socket Cap Screw,M4-0.7,16mm
MS2530020A20000,Socket Cap Screw,M4-0.7,20mm
MS2530025A20000,Socket Cap Screw,M4-0.7,25mm
MS2530030A20000,Socket Cap Screw,M4-0.7,30mm
MS2530030A40000,Socket Cap Screw,M4-0.7,30mm
MS2530035A20000,Socket Cap Screw,M4-0.7,35mm
MS2540006A20000,Socket Cap Screw,M5-0.8,6mm
MS2540008A20000,Socket Cap Screw,M5-0.8,8mm
MS2540010A20000,Socket Cap Screw,M5-0.8,10mm
MS2540012A20000,Socket Cap Screw,M5-0.8,12mm
MS2540014A20000,Socket Cap Screw,M5-0.8,14mm
MS2540016A20000,Socket Cap Screw,M5-0.8,16mm
MS2540016A40000,Socket Cap Screw,M5-0.8,16mm
MS2540020A20000,Socket Cap Screw,M5-0.8,20mm
MS2540025A20000,Socket Cap Screw,M5-0.8,25mm
MS2540025A40000,Socket Cap Screw,M5-0.8,25mm
MS2540030A20000,Socket Cap Screw,M5-0.8,30mm
MS2540035A20000,Socket Cap Screw,M5-0.8,35mm
MS2540040A20000,Socket Cap Screw,M5-0.8,40mm
MS2540045A20000,Socket Cap Screw,M5-0.8,45mm
MS2540050A20000,Socket Cap Screw,M5-0.8,50mm
MS2540055A20000,Socket Cap Screw,M5-0.8,55mm
MS2540060A20000,Socket Cap Screw,M5-0.8,60mm
MS2540065A20000,Socket Cap Screw,M5-0.8,65mm
MS2540090A20000,Socket Cap Screw,M5-0.8,90mm
MS2550008A20000,Socket Cap Screw,M6-1.0,8mm
MS2550010A20000,Socket Cap Screw,M6-1.0,10mm
MS2550012A20000,Socket Cap Screw,M6-1.0,12mm
MS2550014A20000,Socket Cap Screw,M6-1.0,14mm
MS2550016A20000,Socket Cap Screw,M6-1.0,16mm
MS2550018A20000,Socket Cap Screw,M6-1.0,18mm
MS2550020A20000,Socket Cap Screw,M6-1.0,20mm
MS2550025A20000,Socket Cap Screw,M6-1.0,25mm
MS2550030A20000,Socket Cap Screw,M6-1.0,30mm
MS2550035A20000,Socket Cap Screw,M6-1.0,35mm
MS2550040A20000,Socket Cap Screw,M6-1.0,40mm
MS2550045A20000,Socket Cap Screw,M6-1.0,45mm
MS2550050A20000,Socket Cap Screw,M6-1.0,50mm
MS2550065A20000,Socket Cap Screw,M6-1.0,65mm
MS2550080A20000,Socket Cap Screw,M6-1.0,80mm
MS2550090A20000,Socket Cap Screw,M6-1.0,90mm
MS2580012A20000,Socket Cap Screw,M8-1.25,12mm
MS2580016A20000,Socket Cap Screw,M8-1.25,16mm
MS2580020A20000,Socket Cap Screw,M8-1.25,20mm
MS2580025A20000,Socket Cap Screw,M8-1.25,25mm
MS2580030A20000,Socket Cap Screw,M8-1.25,30mm
MS2580035A20000,Socket Cap Screw,M8-1.25,35mm
MS2580045A20000,Socket Cap Screw,M8-1.25,45mm
MS2580050A20000,Socket Cap Screw,M8-1.25,50mm
MS2580060A20000,Socket Cap Screw,M8-1.25,60mm
MS2580100A20000,Socket Cap Screw,M8-1.25,100mm
MS2600020A20000,Socket Cap Screw,M10-1.5,20mm
MS2600025A20000,Socket Cap Screw,M10-1.5,25mm
MS2600030A20000,Socket Cap Screw,M10-1.5,30mm
MS2600030A40000,Socket Cap Screw,M10-1.5,30mm
MS2600035A20000,Socket Cap Screw,M10-1.5,35mm
MS2600040A20000,Socket Cap Screw,M10-1.5,40mm
MS2600050A20000,Socket Cap Screw,M10-1.5,50mm
MS2600070A20000,Socket Cap Screw,M10-1.5,70mm
MS2600080A20000,Socket Cap Screw,M10-1.5,80mm
MS2600100A20000,Socket Cap Screw,M10-1.5,100mm
MS2650030A20000,Socket Cap Screw,M12-1.75,30mm
MX2510003A20000,Socket Set Screw,M3-0.5,3mm
MX2510006A20000,Socket Set Screw,M3-0.5,6mm
MX2510012A20000,Socket Set Screw,M3-0.5,12mm
MX2530006A20000,Socket Set Screw,M4-0.7,6mm
MX2530012A20000,Socket Set Screw,M4-0.7,12mm
MX2540005A20000,Socket Set Screw,M5-0.8,5mm
MX2540006A20000,Socket Set Screw,M5-0.8,6mm
MX2540012A20000,Socket Set Screw,M5-0.8,12mm
MX2540016A20000,Socket Set Screw,M5-0.8,16mm
MX2540020A20000,Socket Set Screw,M5-0.8,20mm
MX2550006A20000,Socket Set Screw,M6-1.0,6mm
MX2550010A20000,Socket Set Screw,M6-1.0,10mm
MX2550016A20000,Socket Set Screw,M6-1.0,16mm
MX2550025A20000,Socket Set Screw,M6-1.0,25mm
MX2550035A20000,Socket Set Screw,M6-1.0,35mm
MX2580025A20000,Socket Set Screw,M8-1.25,25mm
MX2580045A20000,Socket Set Screw,M8-1.25,45mm
MX2580060A20000,Socket Set Screw,M8-1.25,60mm
MX2600016A20000,Socket Set Screw,M10-1.5,16mm
MY2510008A20000,Socket Set Screw,M3-0.5,8mm
ZS2600045ZP0000,Socket Cap Screw,M10-1.5,45mm
